<?xml version="1.0" encoding="ISO-8859-1"?><wfs:FeatureCollection xmlns:ms="http://mapserver.gis.umn.edu/mapserver" xmlns:wfs="http://www.opengis.net/wfs" xmlns:gml="http://www.opengis.net/gml" xmlns:ogc="http://www.opengis.net/ogc" xmlns:xsi="http://www.w3.org/2001/XMLSchema-instance" xsi:schemaLocation="http://www.opengis.net/wfs http://schemas.opengis.net/wfs/1.0.0/WFS-basic.xsd                         http://mapserver.gis.umn.edu/mapserver http://aneto.oco/cgi-bin/worldwfs?SERVICE=WFS&amp;VERSION=1.0.0&amp;REQUEST=DescribeFeatureType&amp;TYPENAME=polygon&amp;OUTPUTFORMAT=XMLSCHEMA">
<gml:featureMember><ms:polygon fid='100'><ms:msGeometry><gml:Polygon srsName='100'><gml:outerBoundaryIs><gml:LinearRing><gml:coordinates>-5,53 -6,53 -6,53.5 -5,53.5 -5,53</gml:coordinates></gml:LinearRing></gml:outerBoundaryIs></gml:Polygon></ms:msGeometry><ms:name>Number of ocurrences:    2  ICES Stat. Rect. : 35E4</ms:name><ms:type>10</ms:type></ms:polygon></gml:featureMember>
<gml:featureMember><ms:polygon fid='103'><ms:msGeometry><gml:Polygon srsName='103'><gml:outerBoundaryIs><gml:LinearRing><gml:coordinates>-4,54.5 -5,54.5 -5,55 -4,55 -4,54.5</gml:coordinates></gml:LinearRing></gml:outerBoundaryIs></gml:Polygon></ms:msGeometry><ms:name>Number of ocurrences:    2  ICES Stat. Rect. : 38E5</ms:name><ms:type>10</ms:type></ms:polygon></gml:featureMember>
<gml:featureMember><ms:polygon fid='79'><ms:msGeometry><gml:Polygon srsName='79'><gml:outerBoundaryIs><gml:LinearRing><gml:coordinates>-11,54 -12,54 -12,54.5 -11,54.5 -11,54</gml:coordinates></gml:LinearRing></gml:outerBoundaryIs></gml:Polygon></ms:msGeometry><ms:name>Number of ocurrences:    1  ICES Stat. Rect. : 37D8</ms:name><ms:type>6</ms:type></ms:polygon></gml:featureMember>
<gml:featureMember><ms:polygon fid='83'><ms:msGeometry><gml:Polygon srsName='83'><gml:outerBoundaryIs><gml:LinearRing><gml:coordinates>-6,53.5 -7,53.5 -7,54 -6,54 -6,53.5</gml:coordinates></gml:LinearRing></gml:outerBoundaryIs></gml:Polygon></ms:msGeometry><ms:name>Number of ocurrences:    1  ICES Stat. Rect. : 36E3</ms:name><ms:type>5</ms:type></ms:polygon></gml:featureMember>
<gml:featureMember><ms:polygon fid='104'><ms:msGeometry><gml:Polygon srsName='104'><gml:outerBoundaryIs><gml:LinearRing><gml:coordinates>-8,55 -9,55 -9,55.5 -8,55.5 -8,55</gml:coordinates></gml:LinearRing></gml:outerBoundaryIs></gml:Polygon></ms:msGeometry><ms:name>Number of ocurrences:    1  ICES Stat. Rect. : 39E1</ms:name><ms:type>5</ms:type></ms:polygon></gml:featureMember>
<gml:featureMember><ms:polygon fid='105'><ms:msGeometry><gml:Polygon srsName='105'><gml:outerBoundaryIs><gml:LinearRing><gml:coordinates>-3,53.5 -4,53.5 -4,54 -3,54 -3,53.5</gml:coordinates></gml:LinearRing></gml:outerBoundaryIs></gml:Polygon></ms:msGeometry><ms:name>Number of ocurrences:    1  ICES Stat. Rect. : 36E6</ms:name><ms:type>5</ms:type></ms:polygon></gml:featureMember>
<gml:featureMember><ms:polygon fid='101'><ms:msGeometry><gml:Polygon srsName='101'><gml:outerBoundaryIs><gml:LinearRing><gml:coordinates>-4,51 -5,51 -5,51.5 -4,51.5 -4,51</gml:coordinates></gml:LinearRing></gml:outerBoundaryIs></gml:Polygon></ms:msGeometry><ms:name>Number of ocurrences:    1  ICES Stat. Rect. : 31E5</ms:name><ms:type>5</ms:type></ms:polygon></gml:featureMember>
<gml:featureMember><ms:polygon fid='102'><ms:msGeometry><gml:Polygon srsName='102'><gml:outerBoundaryIs><gml:LinearRing><gml:coordinates>2,55.5 1,55.5 1,56 2,56 2,55.5</gml:coordinates></gml:LinearRing></gml:outerBoundaryIs></gml:Polygon></ms:msGeometry><ms:name>Number of ocurrences:    1  ICES Stat. Rect. : 40F1</ms:name><ms:type>5</ms:type></ms:polygon></gml:featureMember>
<gml:featureMember><ms:polygon fid='96'><ms:msGeometry><gml:Polygon srsName='96'><gml:outerBoundaryIs><gml:LinearRing><gml:coordinates>-5,51.5 -6,51.5 -6,52 -5,52 -5,51.5</gml:coordinates></gml:LinearRing></gml:outerBoundaryIs></gml:Polygon></ms:msGeometry><ms:name>Number of ocurrences:    1  ICES Stat. Rect. : 32E4</ms:name><ms:type>5</ms:type></ms:polygon></gml:featureMember>
<gml:featureMember><ms:polygon fid='97'><ms:msGeometry><gml:Polygon srsName='97'><gml:outerBoundaryIs><gml:LinearRing><gml:coordinates>-10,52 -11,52 -11,52.5 -10,52.5 -10,52</gml:coordinates></gml:LinearRing></gml:outerBoundaryIs></gml:Polygon></ms:msGeometry><ms:name>Number of ocurrences:    1  ICES Stat. Rect. : 33D9</ms:name><ms:type>5</ms:type></ms:polygon></gml:featureMember>
<gml:featureMember><ms:polygon fid='98'><ms:msGeometry><gml:Polygon srsName='98'><gml:outerBoundaryIs><gml:LinearRing><gml:coordinates>-5,52.5 -6,52.5 -6,53 -5,53 -5,52.5</gml:coordinates></gml:LinearRing></gml:outerBoundaryIs></gml:Polygon></ms:msGeometry><ms:name>Number of ocurrences:    1  ICES Stat. Rect. : 34E4</ms:name><ms:type>5</ms:type></ms:polygon></gml:featureMember>
<gml:featureMember><ms:polygon fid='99'><ms:msGeometry><gml:Polygon srsName='99'><gml:outerBoundaryIs><gml:LinearRing><gml:coordinates>-4,52.5 -5,52.5 -5,53 -4,53 -4,52.5</gml:coordinates></gml:LinearRing></gml:outerBoundaryIs></gml:Polygon></ms:msGeometry><ms:name>Number of ocurrences:    1  ICES Stat. Rect. : 34E5</ms:name><ms:type>5</ms:type></ms:polygon></gml:featureMember>
<gml:featureMember><ms:polygon fid='82'><ms:msGeometry><gml:Polygon srsName='82'><gml:outerBoundaryIs><gml:LinearRing><gml:coordinates>-7,52 -8,52 -8,52.5 -7,52.5 -7,52</gml:coordinates></gml:LinearRing></gml:outerBoundaryIs></gml:Polygon></ms:msGeometry><ms:name>Number of ocurrences:    1  ICES Stat. Rect. : 33E2</ms:name><ms:type>5</ms:type></ms:polygon></gml:featureMember>
<gml:featureMember><ms:polygon fid='84'><ms:msGeometry><gml:Polygon srsName='84'><gml:outerBoundaryIs><gml:LinearRing><gml:coordinates>-9,53 -10,53 -10,53.5 -9,53.5 -9,53</gml:coordinates></gml:LinearRing></gml:outerBoundaryIs></gml:Polygon></ms:msGeometry><ms:name>Number of ocurrences:    1  ICES Stat. Rect. : 35E0</ms:name><ms:type>4</ms:type></ms:polygon></gml:featureMember>
<gml:featureMember><ms:polygon fid='80'><ms:msGeometry><gml:Polygon srsName='80'><gml:outerBoundaryIs><gml:LinearRing><gml:coordinates>-9,55.5 -10,55.5 -10,56 -9,56 -9,55.5</gml:coordinates></gml:LinearRing></gml:outerBoundaryIs></gml:Polygon></ms:msGeometry><ms:name>Number of ocurrences:    1  ICES Stat. Rect. : 40E0</ms:name><ms:type>4</ms:type></ms:polygon></gml:featureMember>
<gml:featureMember><ms:polygon fid='78'><ms:msGeometry><gml:Polygon srsName='78'><gml:outerBoundaryIs><gml:LinearRing><gml:coordinates>-10,50 -11,50 -11,50.5 -10,50.5 -10,50</gml:coordinates></gml:LinearRing></gml:outerBoundaryIs></gml:Polygon></ms:msGeometry><ms:name>Number of ocurrences:    1  ICES Stat. Rect. : 29D9</ms:name><ms:type>4</ms:type></ms:polygon></gml:featureMember>
<gml:featureMember><ms:polygon fid='77'><ms:msGeometry><gml:Polygon srsName='77'><gml:outerBoundaryIs><gml:LinearRing><gml:coordinates>-8,51.5 -9,51.5 -9,52 -8,52 -8,51.5</gml:coordinates></gml:LinearRing></gml:outerBoundaryIs></gml:Polygon></ms:msGeometry><ms:name>Number of ocurrences:    1  ICES Stat. Rect. : 32E1</ms:name><ms:type>3</ms:type></ms:polygon></gml:featureMember>
<gml:featureMember><ms:polygon fid='88'><ms:msGeometry><gml:Polygon srsName='88'><gml:outerBoundaryIs><gml:LinearRing><gml:coordinates>-5,50.5 -6,50.5 -6,51 -5,51 -5,50.5</gml:coordinates></gml:LinearRing></gml:outerBoundaryIs></gml:Polygon></ms:msGeometry><ms:name>Number of ocurrences:    1  ICES Stat. Rect. : 30E4</ms:name><ms:type>3</ms:type></ms:polygon></gml:featureMember>
<gml:featureMember><ms:polygon fid='91'><ms:msGeometry><gml:Polygon srsName='91'><gml:outerBoundaryIs><gml:LinearRing><gml:coordinates>-5,55 -6,55 -6,55.5 -5,55.5 -5,55</gml:coordinates></gml:LinearRing></gml:outerBoundaryIs></gml:Polygon></ms:msGeometry><ms:name>Number of ocurrences:    1  ICES Stat. Rect. : 39E4</ms:name><ms:type>3</ms:type></ms:polygon></gml:featureMember>
<gml:featureMember><ms:polygon fid='74'><ms:msGeometry><gml:Polygon srsName='74'><gml:outerBoundaryIs><gml:LinearRing><gml:coordinates>-7,56 -8,56 -8,56.5 -7,56.5 -7,56</gml:coordinates></gml:LinearRing></gml:outerBoundaryIs></gml:Polygon></ms:msGeometry><ms:name>Number of ocurrences:    1  ICES Stat. Rect. : 41E2</ms:name><ms:type>3</ms:type></ms:polygon></gml:featureMember>
<gml:featureMember><ms:polygon fid='76'><ms:msGeometry><gml:Polygon srsName='76'><gml:outerBoundaryIs><gml:LinearRing><gml:coordinates>-10,55 -11,55 -11,55.5 -10,55.5 -10,55</gml:coordinates></gml:LinearRing></gml:outerBoundaryIs></gml:Polygon></ms:msGeometry><ms:name>Number of ocurrences:    1  ICES Stat. Rect. : 39D9</ms:name><ms:type>3</ms:type></ms:polygon></gml:featureMember>
<gml:featureMember><ms:polygon fid='92'><ms:msGeometry><gml:Polygon srsName='92'><gml:outerBoundaryIs><gml:LinearRing><gml:coordinates>-5,54.5 -6,54.5 -6,55 -5,55 -5,54.5</gml:coordinates></gml:LinearRing></gml:outerBoundaryIs></gml:Polygon></ms:msGeometry><ms:name>Number of ocurrences:    0  ICES Stat. Rect. : 38E4</ms:name><ms:type>2</ms:type></ms:polygon></gml:featureMember>
<gml:featureMember><ms:polygon fid='93'><ms:msGeometry><gml:Polygon srsName='93'><gml:outerBoundaryIs><gml:LinearRing><gml:coordinates>3,57 2,57 2,57.5 3,57.5 3,57</gml:coordinates></gml:LinearRing></gml:outerBoundaryIs></gml:Polygon></ms:msGeometry><ms:name>Number of ocurrences:    0  ICES Stat. Rect. : 43F2</ms:name><ms:type>2</ms:type></ms:polygon></gml:featureMember>
<gml:featureMember><ms:polygon fid='94'><ms:msGeometry><gml:Polygon srsName='94'><gml:outerBoundaryIs><gml:LinearRing><gml:coordinates>2,51.5 1,51.5 1,52 2,52 2,51.5</gml:coordinates></gml:LinearRing></gml:outerBoundaryIs></gml:Polygon></ms:msGeometry><ms:name>Number of ocurrences:    0  ICES Stat. Rect. : 32F1</ms:name><ms:type>2</ms:type></ms:polygon></gml:featureMember>
<gml:featureMember><ms:polygon fid='95'><ms:msGeometry><gml:Polygon srsName='95'><gml:outerBoundaryIs><gml:LinearRing><gml:coordinates>3,58 2,58 2,58.5 3,58.5 3,58</gml:coordinates></gml:LinearRing></gml:outerBoundaryIs></gml:Polygon></ms:msGeometry><ms:name>Number of ocurrences:    0  ICES Stat. Rect. : 45F2</ms:name><ms:type>2</ms:type></ms:polygon></gml:featureMember>
<gml:featureMember><ms:polygon fid='85'><ms:msGeometry><gml:Polygon srsName='85'><gml:outerBoundaryIs><gml:LinearRing><gml:coordinates>-8,54 -9,54 -9,54.5 -8,54.5 -8,54</gml:coordinates></gml:LinearRing></gml:outerBoundaryIs></gml:Polygon></ms:msGeometry><ms:name>Number of ocurrences:    0  ICES Stat. Rect. : 37E1</ms:name><ms:type>2</ms:type></ms:polygon></gml:featureMember>
<gml:featureMember><ms:polygon fid='75'><ms:msGeometry><gml:Polygon srsName='75'><gml:outerBoundaryIs><gml:LinearRing><gml:coordinates>-9,56 -10,56 -10,56.5 -9,56.5 -9,56</gml:coordinates></gml:LinearRing></gml:outerBoundaryIs></gml:Polygon></ms:msGeometry><ms:name>Number of ocurrences:    0  ICES Stat. Rect. : 41E0</ms:name><ms:type>2</ms:type></ms:polygon></gml:featureMember>
<gml:featureMember><ms:polygon fid='86'><ms:msGeometry><gml:Polygon srsName='86'><gml:outerBoundaryIs><gml:LinearRing><gml:coordinates>-1,56.5 -2,56.5 -2,57 -1,57 -1,56.5</gml:coordinates></gml:LinearRing></gml:outerBoundaryIs></gml:Polygon></ms:msGeometry><ms:name>Number of ocurrences:    0  ICES Stat. Rect. : 42E8</ms:name><ms:type>2</ms:type></ms:polygon></gml:featureMember>
<gml:featureMember><ms:polygon fid='87'><ms:msGeometry><gml:Polygon srsName='87'><gml:outerBoundaryIs><gml:LinearRing><gml:coordinates>-9,52.5 -10,52.5 -10,53 -9,53 -9,52.5</gml:coordinates></gml:LinearRing></gml:outerBoundaryIs></gml:Polygon></ms:msGeometry><ms:name>Number of ocurrences:    0  ICES Stat. Rect. : 34E0</ms:name><ms:type>2</ms:type></ms:polygon></gml:featureMember>
<gml:featureMember><ms:polygon fid='89'><ms:msGeometry><gml:Polygon srsName='89'><gml:outerBoundaryIs><gml:LinearRing><gml:coordinates>0,55.5 -1,55.5 -1,56 0,56 0,55.5</gml:coordinates></gml:LinearRing></gml:outerBoundaryIs></gml:Polygon></ms:msGeometry><ms:name>Number of ocurrences:    0  ICES Stat. Rect. : 40E9</ms:name><ms:type>2</ms:type></ms:polygon></gml:featureMember>
<gml:featureMember><ms:polygon fid='90'><ms:msGeometry><gml:Polygon srsName='90'><gml:outerBoundaryIs><gml:LinearRing><gml:coordinates>1,55.5 0,55.5 0,56 1,56 1,55.5</gml:coordinates></gml:LinearRing></gml:outerBoundaryIs></gml:Polygon></ms:msGeometry><ms:name>Number of ocurrences:    0  ICES Stat. Rect. : 40F0</ms:name><ms:type>2</ms:type></ms:polygon></gml:featureMember>
<gml:featureMember><ms:polygon fid='59'><ms:msGeometry><gml:Polygon srsName='59'><gml:outerBoundaryIs><gml:LinearRing><gml:coordinates>-11,50.5 -12,50.5 -12,51 -11,51 -11,50.5</gml:coordinates></gml:LinearRing></gml:outerBoundaryIs></gml:Polygon></ms:msGeometry><ms:name>Number of ocurrences:    0  ICES Stat. Rect. : 30D8</ms:name><ms:type>2</ms:type></ms:polygon></gml:featureMember>
<gml:featureMember><ms:polygon fid='61'><ms:msGeometry><gml:Polygon srsName='61'><gml:outerBoundaryIs><gml:LinearRing><gml:coordinates>-11,53 -12,53 -12,53.5 -11,53.5 -11,53</gml:coordinates></gml:LinearRing></gml:outerBoundaryIs></gml:Polygon></ms:msGeometry><ms:name>Number of ocurrences:    0  ICES Stat. Rect. : 35D8</ms:name><ms:type>2</ms:type></ms:polygon></gml:featureMember>
<gml:featureMember><ms:polygon fid='56'><ms:msGeometry><gml:Polygon srsName='56'><gml:outerBoundaryIs><gml:LinearRing><gml:coordinates>0,59.5 -1,59.5 -1,60 0,60 0,59.5</gml:coordinates></gml:LinearRing></gml:outerBoundaryIs></gml:Polygon></ms:msGeometry><ms:name>Number of ocurrences:    0  ICES Stat. Rect. : 48E9</ms:name><ms:type>1</ms:type></ms:polygon></gml:featureMember>
<gml:featureMember><ms:polygon fid='46'><ms:msGeometry><gml:Polygon srsName='46'><gml:outerBoundaryIs><gml:LinearRing><gml:coordinates>-10,53.5 -11,53.5 -11,54 -10,54 -10,53.5</gml:coordinates></gml:LinearRing></gml:outerBoundaryIs></gml:Polygon></ms:msGeometry><ms:name>Number of ocurrences:    0  ICES Stat. Rect. : 36D9</ms:name><ms:type>1</ms:type></ms:polygon></gml:featureMember>
<gml:featureMember><ms:polygon fid='40'><ms:msGeometry><gml:Polygon srsName='40'><gml:outerBoundaryIs><gml:LinearRing><gml:coordinates>-11,53.5 -12,53.5 -12,54 -11,54 -11,53.5</gml:coordinates></gml:LinearRing></gml:outerBoundaryIs></gml:Polygon></ms:msGeometry><ms:name>Number of ocurrences:    0  ICES Stat. Rect. : 36D8</ms:name><ms:type>1</ms:type></ms:polygon></gml:featureMember>
<gml:featureMember><ms:polygon fid='52'><ms:msGeometry><gml:Polygon srsName='52'><gml:outerBoundaryIs><gml:LinearRing><gml:coordinates>-11,51.5 -12,51.5 -12,52 -11,52 -11,51.5</gml:coordinates></gml:LinearRing></gml:outerBoundaryIs></gml:Polygon></ms:msGeometry><ms:name>Number of ocurrences:    0  ICES Stat. Rect. : 32D8</ms:name><ms:type>1</ms:type></ms:polygon></gml:featureMember>
<gml:featureMember><ms:polygon fid='58'><ms:msGeometry><gml:Polygon srsName='58'><gml:outerBoundaryIs><gml:LinearRing><gml:coordinates>-6,50.5 -7,50.5 -7,51 -6,51 -6,50.5</gml:coordinates></gml:LinearRing></gml:outerBoundaryIs></gml:Polygon></ms:msGeometry><ms:name>Number of ocurrences:    0  ICES Stat. Rect. : 30E3</ms:name><ms:type>1</ms:type></ms:polygon></gml:featureMember>
<gml:featureMember><ms:polygon fid='64'><ms:msGeometry><gml:Polygon srsName='64'><gml:outerBoundaryIs><gml:LinearRing><gml:coordinates>-11,52.5 -12,52.5 -12,53 -11,53 -11,52.5</gml:coordinates></gml:LinearRing></gml:outerBoundaryIs></gml:Polygon></ms:msGeometry><ms:name>Number of ocurrences:    0  ICES Stat. Rect. : 34D8</ms:name><ms:type>1</ms:type></ms:polygon></gml:featureMember>
<gml:featureMember><ms:polygon fid='53'><ms:msGeometry><gml:Polygon srsName='53'><gml:outerBoundaryIs><gml:LinearRing><gml:coordinates>-7,55.5 -8,55.5 -8,56 -7,56 -7,55.5</gml:coordinates></gml:LinearRing></gml:outerBoundaryIs></gml:Polygon></ms:msGeometry><ms:name>Number of ocurrences:    0  ICES Stat. Rect. : 40E2</ms:name><ms:type>1</ms:type></ms:polygon></gml:featureMember>
<gml:featureMember><ms:polygon fid='55'><ms:msGeometry><gml:Polygon srsName='55'><gml:outerBoundaryIs><gml:LinearRing><gml:coordinates>-10,51.5 -11,51.5 -11,52 -10,52 -10,51.5</gml:coordinates></gml:LinearRing></gml:outerBoundaryIs></gml:Polygon></ms:msGeometry><ms:name>Number of ocurrences:    0  ICES Stat. Rect. : 32D9</ms:name><ms:type>1</ms:type></ms:polygon></gml:featureMember>
<gml:featureMember><ms:polygon fid='66'><ms:msGeometry><gml:Polygon srsName='66'><gml:outerBoundaryIs><gml:LinearRing><gml:coordinates>-8,56 -9,56 -9,56.5 -8,56.5 -8,56</gml:coordinates></gml:LinearRing></gml:outerBoundaryIs></gml:Polygon></ms:msGeometry><ms:name>Number of ocurrences:    0  ICES Stat. Rect. : 41E1</ms:name><ms:type>1</ms:type></ms:polygon></gml:featureMember>
<gml:featureMember><ms:polygon fid='47'><ms:msGeometry><gml:Polygon srsName='47'><gml:outerBoundaryIs><gml:LinearRing><gml:coordinates>-9,50 -10,50 -10,50.5 -9,50.5 -9,50</gml:coordinates></gml:LinearRing></gml:outerBoundaryIs></gml:Polygon></ms:msGeometry><ms:name>Number of ocurrences:    0  ICES Stat. Rect. : 29E0</ms:name><ms:type>1</ms:type></ms:polygon></gml:featureMember>
<gml:featureMember><ms:polygon fid='72'><ms:msGeometry><gml:Polygon srsName='72'><gml:outerBoundaryIs><gml:LinearRing><gml:coordinates>-1,57 -2,57 -2,57.5 -1,57.5 -1,57</gml:coordinates></gml:LinearRing></gml:outerBoundaryIs></gml:Polygon></ms:msGeometry><ms:name>Number of ocurrences:    0  ICES Stat. Rect. : 43E8</ms:name><ms:type>1</ms:type></ms:polygon></gml:featureMember>
<gml:featureMember><ms:polygon fid='43'><ms:msGeometry><gml:Polygon srsName='43'><gml:outerBoundaryIs><gml:LinearRing><gml:coordinates>-8,55.5 -9,55.5 -9,56 -8,56 -8,55.5</gml:coordinates></gml:LinearRing></gml:outerBoundaryIs></gml:Polygon></ms:msGeometry><ms:name>Number of ocurrences:    0  ICES Stat. Rect. : 40E1</ms:name><ms:type>1</ms:type></ms:polygon></gml:featureMember>
<gml:featureMember><ms:polygon fid='73'><ms:msGeometry><gml:Polygon srsName='73'><gml:outerBoundaryIs><gml:LinearRing><gml:coordinates>-5,51 -6,51 -6,51.5 -5,51.5 -5,51</gml:coordinates></gml:LinearRing></gml:outerBoundaryIs></gml:Polygon></ms:msGeometry><ms:name>Number of ocurrences:    0  ICES Stat. Rect. : 31E4</ms:name><ms:type>1</ms:type></ms:polygon></gml:featureMember>
<gml:featureMember><ms:polygon fid='63'><ms:msGeometry><gml:Polygon srsName='63'><gml:outerBoundaryIs><gml:LinearRing><gml:coordinates>-6,51.5 -7,51.5 -7,52 -6,52 -6,51.5</gml:coordinates></gml:LinearRing></gml:outerBoundaryIs></gml:Polygon></ms:msGeometry><ms:name>Number of ocurrences:    0  ICES Stat. Rect. : 32E3</ms:name><ms:type>1</ms:type></ms:polygon></gml:featureMember>
<gml:featureMember><ms:polygon fid='81'><ms:msGeometry><gml:Polygon srsName='81'><gml:outerBoundaryIs><gml:LinearRing><gml:coordinates>-2,59 -3,59 -3,59.5 -2,59.5 -2,59</gml:coordinates></gml:LinearRing></gml:outerBoundaryIs></gml:Polygon></ms:msGeometry><ms:name>Number of ocurrences:    0  ICES Stat. Rect. : 47E7</ms:name><ms:type>1</ms:type></ms:polygon></gml:featureMember>
<gml:featureMember><ms:polygon fid='35'><ms:msGeometry><gml:Polygon srsName='35'><gml:outerBoundaryIs><gml:LinearRing><gml:coordinates>-10,54 -11,54 -11,54.5 -10,54.5 -10,54</gml:coordinates></gml:LinearRing></gml:outerBoundaryIs></gml:Polygon></ms:msGeometry><ms:name>Number of ocurrences:    0  ICES Stat. Rect. : 37D9</ms:name><ms:type>1</ms:type></ms:polygon></gml:featureMember>
<gml:featureMember><ms:polygon fid='50'><ms:msGeometry><gml:Polygon srsName='50'><gml:outerBoundaryIs><gml:LinearRing><gml:coordinates>-10,52.5 -11,52.5 -11,53 -10,53 -10,52.5</gml:coordinates></gml:LinearRing></gml:outerBoundaryIs></gml:Polygon></ms:msGeometry><ms:name>Number of ocurrences:    0  ICES Stat. Rect. : 34D9</ms:name><ms:type>1</ms:type></ms:polygon></gml:featureMember>
<gml:featureMember><ms:polygon fid='71'><ms:msGeometry><gml:Polygon srsName='71'><gml:outerBoundaryIs><gml:LinearRing><gml:coordinates>-9,54.5 -10,54.5 -10,55 -9,55 -9,54.5</gml:coordinates></gml:LinearRing></gml:outerBoundaryIs></gml:Polygon></ms:msGeometry><ms:name>Number of ocurrences:    0  ICES Stat. Rect. : 38E0</ms:name><ms:type>1</ms:type></ms:polygon></gml:featureMember>
<gml:featureMember><ms:polygon fid='45'><ms:msGeometry><gml:Polygon srsName='45'><gml:outerBoundaryIs><gml:LinearRing><gml:coordinates>-7,51.5 -8,51.5 -8,52 -7,52 -7,51.5</gml:coordinates></gml:LinearRing></gml:outerBoundaryIs></gml:Polygon></ms:msGeometry><ms:name>Number of ocurrences:    0  ICES Stat. Rect. : 32E2</ms:name><ms:type>1</ms:type></ms:polygon></gml:featureMember>
<gml:featureMember><ms:polygon fid='69'><ms:msGeometry><gml:Polygon srsName='69'><gml:outerBoundaryIs><gml:LinearRing><gml:coordinates>-9,54 -10,54 -10,54.5 -9,54.5 -9,54</gml:coordinates></gml:LinearRing></gml:outerBoundaryIs></gml:Polygon></ms:msGeometry><ms:name>Number of ocurrences:    0  ICES Stat. Rect. : 37E0</ms:name><ms:type>1</ms:type></ms:polygon></gml:featureMember>
<gml:featureMember><ms:polygon fid='67'><ms:msGeometry><gml:Polygon srsName='67'><gml:outerBoundaryIs><gml:LinearRing><gml:coordinates>-11,52 -12,52 -12,52.5 -11,52.5 -11,52</gml:coordinates></gml:LinearRing></gml:outerBoundaryIs></gml:Polygon></ms:msGeometry><ms:name>Number of ocurrences:    0  ICES Stat. Rect. : 33D8</ms:name><ms:type>1</ms:type></ms:polygon></gml:featureMember>
<gml:featureMember><ms:polygon fid='33'><ms:msGeometry><gml:Polygon srsName='33'><gml:outerBoundaryIs><gml:LinearRing><gml:coordinates>-7,51 -8,51 -8,51.5 -7,51.5 -7,51</gml:coordinates></gml:LinearRing></gml:outerBoundaryIs></gml:Polygon></ms:msGeometry><ms:name>Number of ocurrences:    0  ICES Stat. Rect. : 31E2</ms:name><ms:type>1</ms:type></ms:polygon></gml:featureMember>
<gml:featureMember><ms:polygon fid='54'><ms:msGeometry><gml:Polygon srsName='54'><gml:outerBoundaryIs><gml:LinearRing><gml:coordinates>-8,54.5 -9,54.5 -9,55 -8,55 -8,54.5</gml:coordinates></gml:LinearRing></gml:outerBoundaryIs></gml:Polygon></ms:msGeometry><ms:name>Number of ocurrences:    0  ICES Stat. Rect. : 38E1</ms:name><ms:type>1</ms:type></ms:polygon></gml:featureMember>
<gml:featureMember><ms:polygon fid='22'><ms:msGeometry><gml:Polygon srsName='22'><gml:outerBoundaryIs><gml:LinearRing><gml:coordinates>-2,58 -3,58 -3,58.5 -2,58.5 -2,58</gml:coordinates></gml:LinearRing></gml:outerBoundaryIs></gml:Polygon></ms:msGeometry><ms:name>Number of ocurrences:    0  ICES Stat. Rect. : 45E7</ms:name><ms:type>1</ms:type></ms:polygon></gml:featureMember>
<gml:featureMember><ms:polygon fid='41'><ms:msGeometry><gml:Polygon srsName='41'><gml:outerBoundaryIs><gml:LinearRing><gml:coordinates>1,57 0,57 0,57.5 1,57.5 1,57</gml:coordinates></gml:LinearRing></gml:outerBoundaryIs></gml:Polygon></ms:msGeometry><ms:name>Number of ocurrences:    0  ICES Stat. Rect. : 43F0</ms:name><ms:type>0</ms:type></ms:polygon></gml:featureMember>
<gml:featureMember><ms:polygon fid='34'><ms:msGeometry><gml:Polygon srsName='34'><gml:outerBoundaryIs><gml:LinearRing><gml:coordinates>-10,50.5 -11,50.5 -11,51 -10,51 -10,50.5</gml:coordinates></gml:LinearRing></gml:outerBoundaryIs></gml:Polygon></ms:msGeometry><ms:name>Number of ocurrences:    0  ICES Stat. Rect. : 30D9</ms:name><ms:type>0</ms:type></ms:polygon></gml:featureMember>
<gml:featureMember><ms:polygon fid='48'><ms:msGeometry><gml:Polygon srsName='48'><gml:outerBoundaryIs><gml:LinearRing><gml:coordinates>-9,55 -10,55 -10,55.5 -9,55.5 -9,55</gml:coordinates></gml:LinearRing></gml:outerBoundaryIs></gml:Polygon></ms:msGeometry><ms:name>Number of ocurrences:    0  ICES Stat. Rect. : 39E0</ms:name><ms:type>0</ms:type></ms:polygon></gml:featureMember>
<gml:featureMember><ms:polygon fid='31'><ms:msGeometry><gml:Polygon srsName='31'><gml:outerBoundaryIs><gml:LinearRing><gml:coordinates>-9,50.5 -10,50.5 -10,51 -9,51 -9,50.5</gml:coordinates></gml:LinearRing></gml:outerBoundaryIs></gml:Polygon></ms:msGeometry><ms:name>Number of ocurrences:    0  ICES Stat. Rect. : 30E0</ms:name><ms:type>0</ms:type></ms:polygon></gml:featureMember>
<gml:featureMember><ms:polygon fid='38'><ms:msGeometry><gml:Polygon srsName='38'><gml:outerBoundaryIs><gml:LinearRing><gml:coordinates>-8,51 -9,51 -9,51.5 -8,51.5 -8,51</gml:coordinates></gml:LinearRing></gml:outerBoundaryIs></gml:Polygon></ms:msGeometry><ms:name>Number of ocurrences:    0  ICES Stat. Rect. : 31E1</ms:name><ms:type>0</ms:type></ms:polygon></gml:featureMember>
<gml:featureMember><ms:polygon fid='70'><ms:msGeometry><gml:Polygon srsName='70'><gml:outerBoundaryIs><gml:LinearRing><gml:coordinates>-10,54.5 -11,54.5 -11,55 -10,55 -10,54.5</gml:coordinates></gml:LinearRing></gml:outerBoundaryIs></gml:Polygon></ms:msGeometry><ms:name>Number of ocurrences:    0  ICES Stat. Rect. : 38D9</ms:name><ms:type>0</ms:type></ms:polygon></gml:featureMember>
<gml:featureMember><ms:polygon fid='57'><ms:msGeometry><gml:Polygon srsName='57'><gml:outerBoundaryIs><gml:LinearRing><gml:coordinates>-9,51 -10,51 -10,51.5 -9,51.5 -9,51</gml:coordinates></gml:LinearRing></gml:outerBoundaryIs></gml:Polygon></ms:msGeometry><ms:name>Number of ocurrences:    0  ICES Stat. Rect. : 31E0</ms:name><ms:type>0</ms:type></ms:polygon></gml:featureMember>
<gml:featureMember><ms:polygon fid='68'><ms:msGeometry><gml:Polygon srsName='68'><gml:outerBoundaryIs><gml:LinearRing><gml:coordinates>-10,51 -11,51 -11,51.5 -10,51.5 -10,51</gml:coordinates></gml:LinearRing></gml:outerBoundaryIs></gml:Polygon></ms:msGeometry><ms:name>Number of ocurrences:    0  ICES Stat. Rect. : 31D9</ms:name><ms:type>0</ms:type></ms:polygon></gml:featureMember>
<gml:featureMember><ms:polygon fid='51'><ms:msGeometry><gml:Polygon srsName='51'><gml:outerBoundaryIs><gml:LinearRing><gml:coordinates>-6,51 -7,51 -7,51.5 -6,51.5 -6,51</gml:coordinates></gml:LinearRing></gml:outerBoundaryIs></gml:Polygon></ms:msGeometry><ms:name>Number of ocurrences:    0  ICES Stat. Rect. : 31E3</ms:name><ms:type>0</ms:type></ms:polygon></gml:featureMember>
<gml:featureMember><ms:polygon fid='32'><ms:msGeometry><gml:Polygon srsName='32'><gml:outerBoundaryIs><gml:LinearRing><gml:coordinates>-7,50.5 -8,50.5 -8,51 -7,51 -7,50.5</gml:coordinates></gml:LinearRing></gml:outerBoundaryIs></gml:Polygon></ms:msGeometry><ms:name>Number of ocurrences:    0  ICES Stat. Rect. : 30E2</ms:name><ms:type>0</ms:type></ms:polygon></gml:featureMember>
<gml:featureMember><ms:polygon fid='60'><ms:msGeometry><gml:Polygon srsName='60'><gml:outerBoundaryIs><gml:LinearRing><gml:coordinates>5,57.5 4,57.5 4,58 5,58 5,57.5</gml:coordinates></gml:LinearRing></gml:outerBoundaryIs></gml:Polygon></ms:msGeometry><ms:name>Number of ocurrences:    0  ICES Stat. Rect. : 44F4</ms:name><ms:type>0</ms:type></ms:polygon></gml:featureMember>
<gml:featureMember><ms:polygon fid='62'><ms:msGeometry><gml:Polygon srsName='62'><gml:outerBoundaryIs><gml:LinearRing><gml:coordinates>1,56.5 0,56.5 0,57 1,57 1,56.5</gml:coordinates></gml:LinearRing></gml:outerBoundaryIs></gml:Polygon></ms:msGeometry><ms:name>Number of ocurrences:    0  ICES Stat. Rect. : 42F0</ms:name><ms:type>0</ms:type></ms:polygon></gml:featureMember>
<gml:featureMember><ms:polygon fid='49'><ms:msGeometry><gml:Polygon srsName='49'><gml:outerBoundaryIs><gml:LinearRing><gml:coordinates>0,56.5 -1,56.5 -1,57 0,57 0,56.5</gml:coordinates></gml:LinearRing></gml:outerBoundaryIs></gml:Polygon></ms:msGeometry><ms:name>Number of ocurrences:    0  ICES Stat. Rect. : 42E9</ms:name><ms:type>0</ms:type></ms:polygon></gml:featureMember>
<gml:featureMember><ms:polygon fid='65'><ms:msGeometry><gml:Polygon srsName='65'><gml:outerBoundaryIs><gml:LinearRing><gml:coordinates>2,56.5 1,56.5 1,57 2,57 2,56.5</gml:coordinates></gml:LinearRing></gml:outerBoundaryIs></gml:Polygon></ms:msGeometry><ms:name>Number of ocurrences:    0  ICES Stat. Rect. : 42F1</ms:name><ms:type>0</ms:type></ms:polygon></gml:featureMember>
<gml:featureMember><ms:polygon fid='39'><ms:msGeometry><gml:Polygon srsName='39'><gml:outerBoundaryIs><gml:LinearRing><gml:coordinates>-10,53 -11,53 -11,53.5 -10,53.5 -10,53</gml:coordinates></gml:LinearRing></gml:outerBoundaryIs></gml:Polygon></ms:msGeometry><ms:name>Number of ocurrences:    0  ICES Stat. Rect. : 35D9</ms:name><ms:type>0</ms:type></ms:polygon></gml:featureMember>
<gml:featureMember><ms:polygon fid='26'><ms:msGeometry><gml:Polygon srsName='26'><gml:outerBoundaryIs><gml:LinearRing><gml:coordinates>-1,61 -2,61 -2,61.5 -1,61.5 -1,61</gml:coordinates></gml:LinearRing></gml:outerBoundaryIs></gml:Polygon></ms:msGeometry><ms:name>Number of ocurrences:    0  ICES Stat. Rect. : 51E8</ms:name><ms:type>0</ms:type></ms:polygon></gml:featureMember>
<gml:featureMember><ms:polygon fid='37'><ms:msGeometry><gml:Polygon srsName='37'><gml:outerBoundaryIs><gml:LinearRing><gml:coordinates>-8,50.5 -9,50.5 -9,51 -8,51 -8,50.5</gml:coordinates></gml:LinearRing></gml:outerBoundaryIs></gml:Polygon></ms:msGeometry><ms:name>Number of ocurrences:    0  ICES Stat. Rect. : 30E1</ms:name><ms:type>0</ms:type></ms:polygon></gml:featureMember>
<gml:featureMember><ms:polygon fid='44'><ms:msGeometry><gml:Polygon srsName='44'><gml:outerBoundaryIs><gml:LinearRing><gml:coordinates>6,57.5 5,57.5 5,58 6,58 6,57.5</gml:coordinates></gml:LinearRing></gml:outerBoundaryIs></gml:Polygon></ms:msGeometry><ms:name>Number of ocurrences:    0  ICES Stat. Rect. : 44F5</ms:name><ms:type>0</ms:type></ms:polygon></gml:featureMember>
<gml:featureMember><ms:polygon fid='27'><ms:msGeometry><gml:Polygon srsName='27'><gml:outerBoundaryIs><gml:LinearRing><gml:coordinates>-4,53.5 -5,53.5 -5,54 -4,54 -4,53.5</gml:coordinates></gml:LinearRing></gml:outerBoundaryIs></gml:Polygon></ms:msGeometry><ms:name>Number of ocurrences:    0  ICES Stat. Rect. : 36E5</ms:name><ms:type>0</ms:type></ms:polygon></gml:featureMember>
<gml:featureMember><ms:polygon fid='42'><ms:msGeometry><gml:Polygon srsName='42'><gml:outerBoundaryIs><gml:LinearRing><gml:coordinates>2,57 1,57 1,57.5 2,57.5 2,57</gml:coordinates></gml:LinearRing></gml:outerBoundaryIs></gml:Polygon></ms:msGeometry><ms:name>Number of ocurrences:    0  ICES Stat. Rect. : 43F1</ms:name><ms:type>0</ms:type></ms:polygon></gml:featureMember>
<gml:featureMember><ms:polygon fid='4'><ms:msGeometry><gml:Polygon srsName='4'><gml:outerBoundaryIs><gml:LinearRing><gml:coordinates>0,60 -1,60 -1,60.5 0,60.5 0,60</gml:coordinates></gml:LinearRing></gml:outerBoundaryIs></gml:Polygon></ms:msGeometry><ms:name>Number of ocurrences:    0  ICES Stat. Rect. : 49E9</ms:name><ms:type>0</ms:type></ms:polygon></gml:featureMember>
<gml:featureMember><ms:polygon fid='30'><ms:msGeometry><gml:Polygon srsName='30'><gml:outerBoundaryIs><gml:LinearRing><gml:coordinates>5,58 4,58 4,58.5 5,58.5 5,58</gml:coordinates></gml:LinearRing></gml:outerBoundaryIs></gml:Polygon></ms:msGeometry><ms:name>Number of ocurrences:    0  ICES Stat. Rect. : 45F4</ms:name><ms:type>0</ms:type></ms:polygon></gml:featureMember>
<gml:featureMember><ms:polygon fid='3'><ms:msGeometry><gml:Polygon srsName='3'><gml:outerBoundaryIs><gml:LinearRing><gml:coordinates>-1,59 -2,59 -2,59.5 -1,59.5 -1,59</gml:coordinates></gml:LinearRing></gml:outerBoundaryIs></gml:Polygon></ms:msGeometry><ms:name>Number of ocurrences:    0  ICES Stat. Rect. : 47E8</ms:name><ms:type>0</ms:type></ms:polygon></gml:featureMember>
<gml:featureMember><ms:polygon fid='2'><ms:msGeometry><gml:Polygon srsName='2'><gml:outerBoundaryIs><gml:LinearRing><gml:coordinates>0,61 -1,61 -1,61.5 0,61.5 0,61</gml:coordinates></gml:LinearRing></gml:outerBoundaryIs></gml:Polygon></ms:msGeometry><ms:name>Number of ocurrences:    0  ICES Stat. Rect. : 51E9</ms:name><ms:type>0</ms:type></ms:polygon></gml:featureMember>
<gml:featureMember><ms:polygon fid='28'><ms:msGeometry><gml:Polygon srsName='28'><gml:outerBoundaryIs><gml:LinearRing><gml:coordinates>4,58 3,58 3,58.5 4,58.5 4,58</gml:coordinates></gml:LinearRing></gml:outerBoundaryIs></gml:Polygon></ms:msGeometry><ms:name>Number of ocurrences:    0  ICES Stat. Rect. : 45F3</ms:name><ms:type>0</ms:type></ms:polygon></gml:featureMember>
<gml:featureMember><ms:polygon fid='36'><ms:msGeometry><gml:Polygon srsName='36'><gml:outerBoundaryIs><gml:LinearRing><gml:coordinates>-4,54 -5,54 -5,54.5 -4,54.5 -4,54</gml:coordinates></gml:LinearRing></gml:outerBoundaryIs></gml:Polygon></ms:msGeometry><ms:name>Number of ocurrences:    0  ICES Stat. Rect. : 37E5</ms:name><ms:type>0</ms:type></ms:polygon></gml:featureMember>
<gml:featureMember><ms:polygon fid='21'><ms:msGeometry><gml:Polygon srsName='21'><gml:outerBoundaryIs><gml:LinearRing><gml:coordinates>4,59 3,59 3,59.5 4,59.5 4,59</gml:coordinates></gml:LinearRing></gml:outerBoundaryIs></gml:Polygon></ms:msGeometry><ms:name>Number of ocurrences:    0  ICES Stat. Rect. : 47F3</ms:name><ms:type>0</ms:type></ms:polygon></gml:featureMember>
<gml:featureMember><ms:polygon fid='29'><ms:msGeometry><gml:Polygon srsName='29'><gml:outerBoundaryIs><gml:LinearRing><gml:coordinates>0,57 -1,57 -1,57.5 0,57.5 0,57</gml:coordinates></gml:LinearRing></gml:outerBoundaryIs></gml:Polygon></ms:msGeometry><ms:name>Number of ocurrences:    0  ICES Stat. Rect. : 43E9</ms:name><ms:type>0</ms:type></ms:polygon></gml:featureMember>
<gml:featureMember><ms:polygon fid='17'><ms:msGeometry><gml:Polygon srsName='17'><gml:outerBoundaryIs><gml:LinearRing><gml:coordinates>1,58 0,58 0,58.5 1,58.5 1,58</gml:coordinates></gml:LinearRing></gml:outerBoundaryIs></gml:Polygon></ms:msGeometry><ms:name>Number of ocurrences:    0  ICES Stat. Rect. : 45F0</ms:name><ms:type>0</ms:type></ms:polygon></gml:featureMember>
<gml:featureMember><ms:polygon fid='1'><ms:msGeometry><gml:Polygon srsName='1'><gml:outerBoundaryIs><gml:LinearRing><gml:coordinates>3,61 2,61 2,61.5 3,61.5 3,61</gml:coordinates></gml:LinearRing></gml:outerBoundaryIs></gml:Polygon></ms:msGeometry><ms:name>Number of ocurrences:    0  ICES Stat. Rect. : 51F2</ms:name><ms:type>0</ms:type></ms:polygon></gml:featureMember>
<gml:featureMember><ms:polygon fid='11'><ms:msGeometry><gml:Polygon srsName='11'><gml:outerBoundaryIs><gml:LinearRing><gml:coordinates>2,61 1,61 1,61.5 2,61.5 2,61</gml:coordinates></gml:LinearRing></gml:outerBoundaryIs></gml:Polygon></ms:msGeometry><ms:name>Number of ocurrences:    0  ICES Stat. Rect. : 51F1</ms:name><ms:type>0</ms:type></ms:polygon></gml:featureMember>
<gml:featureMember><ms:polygon fid='25'><ms:msGeometry><gml:Polygon srsName='25'><gml:outerBoundaryIs><gml:LinearRing><gml:coordinates>1,57.5 0,57.5 0,58 1,58 1,57.5</gml:coordinates></gml:LinearRing></gml:outerBoundaryIs></gml:Polygon></ms:msGeometry><ms:name>Number of ocurrences:    0  ICES Stat. Rect. : 44F0</ms:name><ms:type>0</ms:type></ms:polygon></gml:featureMember>
<gml:featureMember><ms:polygon fid='15'><ms:msGeometry><gml:Polygon srsName='15'><gml:outerBoundaryIs><gml:LinearRing><gml:coordinates>1,59 0,59 0,59.5 1,59.5 1,59</gml:coordinates></gml:LinearRing></gml:outerBoundaryIs></gml:Polygon></ms:msGeometry><ms:name>Number of ocurrences:    0  ICES Stat. Rect. : 47F0</ms:name><ms:type>0</ms:type></ms:polygon></gml:featureMember>
<gml:featureMember><ms:polygon fid='23'><ms:msGeometry><gml:Polygon srsName='23'><gml:outerBoundaryIs><gml:LinearRing><gml:coordinates>2,58 1,58 1,58.5 2,58.5 2,58</gml:coordinates></gml:LinearRing></gml:outerBoundaryIs></gml:Polygon></ms:msGeometry><ms:name>Number of ocurrences:    0  ICES Stat. Rect. : 45F1</ms:name><ms:type>0</ms:type></ms:polygon></gml:featureMember>
<gml:featureMember><ms:polygon fid='7'><ms:msGeometry><gml:Polygon srsName='7'><gml:outerBoundaryIs><gml:LinearRing><gml:coordinates>3,60 2,60 2,60.5 3,60.5 3,60</gml:coordinates></gml:LinearRing></gml:outerBoundaryIs></gml:Polygon></ms:msGeometry><ms:name>Number of ocurrences:    0  ICES Stat. Rect. : 49F2</ms:name><ms:type>0</ms:type></ms:polygon></gml:featureMember>
<gml:featureMember><ms:polygon fid='19'><ms:msGeometry><gml:Polygon srsName='19'><gml:outerBoundaryIs><gml:LinearRing><gml:coordinates>0,57.5 -1,57.5 -1,58 0,58 0,57.5</gml:coordinates></gml:LinearRing></gml:outerBoundaryIs></gml:Polygon></ms:msGeometry><ms:name>Number of ocurrences:    0  ICES Stat. Rect. : 44E9</ms:name><ms:type>0</ms:type></ms:polygon></gml:featureMember>
<gml:featureMember><ms:polygon fid='5'><ms:msGeometry><gml:Polygon srsName='5'><gml:outerBoundaryIs><gml:LinearRing><gml:coordinates>1,61 0,61 0,61.5 1,61.5 1,61</gml:coordinates></gml:LinearRing></gml:outerBoundaryIs></gml:Polygon></ms:msGeometry><ms:name>Number of ocurrences:    0  ICES Stat. Rect. : 51F0</ms:name><ms:type>0</ms:type></ms:polygon></gml:featureMember>
<gml:featureMember><ms:polygon fid='9'><ms:msGeometry><gml:Polygon srsName='9'><gml:outerBoundaryIs><gml:LinearRing><gml:coordinates>-1,58 -2,58 -2,58.5 -1,58.5 -1,58</gml:coordinates></gml:LinearRing></gml:outerBoundaryIs></gml:Polygon></ms:msGeometry><ms:name>Number of ocurrences:    0  ICES Stat. Rect. : 45E8</ms:name><ms:type>0</ms:type></ms:polygon></gml:featureMember>
<gml:featureMember><ms:polygon fid='12'><ms:msGeometry><gml:Polygon srsName='12'><gml:outerBoundaryIs><gml:LinearRing><gml:coordinates>1,60 0,60 0,60.5 1,60.5 1,60</gml:coordinates></gml:LinearRing></gml:outerBoundaryIs></gml:Polygon></ms:msGeometry><ms:name>Number of ocurrences:    0  ICES Stat. Rect. : 49F0</ms:name><ms:type>0</ms:type></ms:polygon></gml:featureMember>
<gml:featureMember><ms:polygon fid='6'><ms:msGeometry><gml:Polygon srsName='6'><gml:outerBoundaryIs><gml:LinearRing><gml:coordinates>4,60 3,60 3,60.5 4,60.5 4,60</gml:coordinates></gml:LinearRing></gml:outerBoundaryIs></gml:Polygon></ms:msGeometry><ms:name>Number of ocurrences:    0  ICES Stat. Rect. : 49F3</ms:name><ms:type>0</ms:type></ms:polygon></gml:featureMember>
<gml:featureMember><ms:polygon fid='24'><ms:msGeometry><gml:Polygon srsName='24'><gml:outerBoundaryIs><gml:LinearRing><gml:coordinates>2,57.5 1,57.5 1,58 2,58 2,57.5</gml:coordinates></gml:LinearRing></gml:outerBoundaryIs></gml:Polygon></ms:msGeometry><ms:name>Number of ocurrences:    0  ICES Stat. Rect. : 44F1</ms:name><ms:type>0</ms:type></ms:polygon></gml:featureMember>
<gml:featureMember><ms:polygon fid='16'><ms:msGeometry><gml:Polygon srsName='16'><gml:outerBoundaryIs><gml:LinearRing><gml:coordinates>2,60 1,60 1,60.5 2,60.5 2,60</gml:coordinates></gml:LinearRing></gml:outerBoundaryIs></gml:Polygon></ms:msGeometry><ms:name>Number of ocurrences:    0  ICES Stat. Rect. : 49F1</ms:name><ms:type>0</ms:type></ms:polygon></gml:featureMember>
<gml:featureMember><ms:polygon fid='14'><ms:msGeometry><gml:Polygon srsName='14'><gml:outerBoundaryIs><gml:LinearRing><gml:coordinates>0,58 -1,58 -1,58.5 0,58.5 0,58</gml:coordinates></gml:LinearRing></gml:outerBoundaryIs></gml:Polygon></ms:msGeometry><ms:name>Number of ocurrences:    0  ICES Stat. Rect. : 45E9</ms:name><ms:type>0</ms:type></ms:polygon></gml:featureMember>
<gml:featureMember><ms:polygon fid='13'><ms:msGeometry><gml:Polygon srsName='13'><gml:outerBoundaryIs><gml:LinearRing><gml:coordinates>0,59 -1,59 -1,59.5 0,59.5 0,59</gml:coordinates></gml:LinearRing></gml:outerBoundaryIs></gml:Polygon></ms:msGeometry><ms:name>Number of ocurrences:    0  ICES Stat. Rect. : 47E9</ms:name><ms:type>0</ms:type></ms:polygon></gml:featureMember>
<gml:featureMember><ms:polygon fid='20'><ms:msGeometry><gml:Polygon srsName='20'><gml:outerBoundaryIs><gml:LinearRing><gml:coordinates>2,59 1,59 1,59.5 2,59.5 2,59</gml:coordinates></gml:LinearRing></gml:outerBoundaryIs></gml:Polygon></ms:msGeometry><ms:name>Number of ocurrences:    0  ICES Stat. Rect. : 47F1</ms:name><ms:type>0</ms:type></ms:polygon></gml:featureMember>
<gml:featureMember><ms:polygon fid='18'><ms:msGeometry><gml:Polygon srsName='18'><gml:outerBoundaryIs><gml:LinearRing><gml:coordinates>3,59 2,59 2,59.5 3,59.5 3,59</gml:coordinates></gml:LinearRing></gml:outerBoundaryIs></gml:Polygon></ms:msGeometry><ms:name>Number of ocurrences:    0  ICES Stat. Rect. : 47F2</ms:name><ms:type>0</ms:type></ms:polygon></gml:featureMember>
<gml:featureMember><ms:polygon fid='8'><ms:msGeometry><gml:Polygon srsName='8'><gml:outerBoundaryIs><gml:LinearRing><gml:coordinates>-5,53.5 -6,53.5 -6,54 -5,54 -5,53.5</gml:coordinates></gml:LinearRing></gml:outerBoundaryIs></gml:Polygon></ms:msGeometry><ms:name>Number of ocurrences:    0  ICES Stat. Rect. : 36E4</ms:name><ms:type>0</ms:type></ms:polygon></gml:featureMember>
<gml:featureMember><ms:polygon fid='10'><ms:msGeometry><gml:Polygon srsName='10'><gml:outerBoundaryIs><gml:LinearRing><gml:coordinates>-5,54 -6,54 -6,54.5 -5,54.5 -5,54</gml:coordinates></gml:LinearRing></gml:outerBoundaryIs></gml:Polygon></ms:msGeometry><ms:name>Number of ocurrences:    0  ICES Stat. Rect. : 37E4</ms:name><ms:type>0</ms:type></ms:polygon></gml:featureMember>
</wfs:FeatureCollection>
