<?xml version="1.0" encoding="ISO-8859-1"?><wfs:FeatureCollection xmlns:ms="http://mapserver.gis.umn.edu/mapserver" xmlns:wfs="http://www.opengis.net/wfs" xmlns:gml="http://www.opengis.net/gml" xmlns:ogc="http://www.opengis.net/ogc" xmlns:xsi="http://www.w3.org/2001/XMLSchema-instance" xsi:schemaLocation="http://www.opengis.net/wfs http://schemas.opengis.net/wfs/1.0.0/WFS-basic.xsd                         http://mapserver.gis.umn.edu/mapserver http://aneto.oco/cgi-bin/worldwfs?SERVICE=WFS&amp;VERSION=1.0.0&amp;REQUEST=DescribeFeatureType&amp;TYPENAME=polygon&amp;OUTPUTFORMAT=XMLSCHEMA">
<gml:featureMember><ms:polygon fid='36'><ms:msGeometry><gml:Polygon srsName='36'><gml:outerBoundaryIs><gml:LinearRing><gml:coordinates>-4,53.5 -5,53.5 -5,54 -4,54 -4,53.5</gml:coordinates></gml:LinearRing></gml:outerBoundaryIs></gml:Polygon></ms:msGeometry><ms:name>Number of ocurrences:    1  ICES Stat. Rect. : 36E5</ms:name><ms:type>10</ms:type></ms:polygon></gml:featureMember>
<gml:featureMember><ms:polygon fid='35'><ms:msGeometry><gml:Polygon srsName='35'><gml:outerBoundaryIs><gml:LinearRing><gml:coordinates>1,56.5 0,56.5 0,57 1,57 1,56.5</gml:coordinates></gml:LinearRing></gml:outerBoundaryIs></gml:Polygon></ms:msGeometry><ms:name>Number of ocurrences:    0  ICES Stat. Rect. : 42F0</ms:name><ms:type>3</ms:type></ms:polygon></gml:featureMember>
<gml:featureMember><ms:polygon fid='32'><ms:msGeometry><gml:Polygon srsName='32'><gml:outerBoundaryIs><gml:LinearRing><gml:coordinates>-5,53.5 -6,53.5 -6,54 -5,54 -5,53.5</gml:coordinates></gml:LinearRing></gml:outerBoundaryIs></gml:Polygon></ms:msGeometry><ms:name>Number of ocurrences:    0  ICES Stat. Rect. : 36E4</ms:name><ms:type>2</ms:type></ms:polygon></gml:featureMember>
<gml:featureMember><ms:polygon fid='25'><ms:msGeometry><gml:Polygon srsName='25'><gml:outerBoundaryIs><gml:LinearRing><gml:coordinates>5,57.5 4,57.5 4,58 5,58 5,57.5</gml:coordinates></gml:LinearRing></gml:outerBoundaryIs></gml:Polygon></ms:msGeometry><ms:name>Number of ocurrences:    0  ICES Stat. Rect. : 44F4</ms:name><ms:type>2</ms:type></ms:polygon></gml:featureMember>
<gml:featureMember><ms:polygon fid='29'><ms:msGeometry><gml:Polygon srsName='29'><gml:outerBoundaryIs><gml:LinearRing><gml:coordinates>-2,58 -3,58 -3,58.5 -2,58.5 -2,58</gml:coordinates></gml:LinearRing></gml:outerBoundaryIs></gml:Polygon></ms:msGeometry><ms:name>Number of ocurrences:    0  ICES Stat. Rect. : 45E7</ms:name><ms:type>2</ms:type></ms:polygon></gml:featureMember>
<gml:featureMember><ms:polygon fid='6'><ms:msGeometry><gml:Polygon srsName='6'><gml:outerBoundaryIs><gml:LinearRing><gml:coordinates>1,61 0,61 0,61.5 1,61.5 1,61</gml:coordinates></gml:LinearRing></gml:outerBoundaryIs></gml:Polygon></ms:msGeometry><ms:name>Number of ocurrences:    0  ICES Stat. Rect. : 51F0</ms:name><ms:type>2</ms:type></ms:polygon></gml:featureMember>
<gml:featureMember><ms:polygon fid='2'><ms:msGeometry><gml:Polygon srsName='2'><gml:outerBoundaryIs><gml:LinearRing><gml:coordinates>0,60 -1,60 -1,60.5 0,60.5 0,60</gml:coordinates></gml:LinearRing></gml:outerBoundaryIs></gml:Polygon></ms:msGeometry><ms:name>Number of ocurrences:    0  ICES Stat. Rect. : 49E9</ms:name><ms:type>2</ms:type></ms:polygon></gml:featureMember>
<gml:featureMember><ms:polygon fid='5'><ms:msGeometry><gml:Polygon srsName='5'><gml:outerBoundaryIs><gml:LinearRing><gml:coordinates>-1,59 -2,59 -2,59.5 -1,59.5 -1,59</gml:coordinates></gml:LinearRing></gml:outerBoundaryIs></gml:Polygon></ms:msGeometry><ms:name>Number of ocurrences:    0  ICES Stat. Rect. : 47E8</ms:name><ms:type>2</ms:type></ms:polygon></gml:featureMember>
<gml:featureMember><ms:polygon fid='33'><ms:msGeometry><gml:Polygon srsName='33'><gml:outerBoundaryIs><gml:LinearRing><gml:coordinates>-5,54 -6,54 -6,54.5 -5,54.5 -5,54</gml:coordinates></gml:LinearRing></gml:outerBoundaryIs></gml:Polygon></ms:msGeometry><ms:name>Number of ocurrences:    0  ICES Stat. Rect. : 37E4</ms:name><ms:type>2</ms:type></ms:polygon></gml:featureMember>
<gml:featureMember><ms:polygon fid='34'><ms:msGeometry><gml:Polygon srsName='34'><gml:outerBoundaryIs><gml:LinearRing><gml:coordinates>-4,54 -5,54 -5,54.5 -4,54.5 -4,54</gml:coordinates></gml:LinearRing></gml:outerBoundaryIs></gml:Polygon></ms:msGeometry><ms:name>Number of ocurrences:    0  ICES Stat. Rect. : 37E5</ms:name><ms:type>2</ms:type></ms:polygon></gml:featureMember>
<gml:featureMember><ms:polygon fid='13'><ms:msGeometry><gml:Polygon srsName='13'><gml:outerBoundaryIs><gml:LinearRing><gml:coordinates>1,57 0,57 0,57.5 1,57.5 1,57</gml:coordinates></gml:LinearRing></gml:outerBoundaryIs></gml:Polygon></ms:msGeometry><ms:name>Number of ocurrences:    0  ICES Stat. Rect. : 43F0</ms:name><ms:type>2</ms:type></ms:polygon></gml:featureMember>
<gml:featureMember><ms:polygon fid='10'><ms:msGeometry><gml:Polygon srsName='10'><gml:outerBoundaryIs><gml:LinearRing><gml:coordinates>2,61 1,61 1,61.5 2,61.5 2,61</gml:coordinates></gml:LinearRing></gml:outerBoundaryIs></gml:Polygon></ms:msGeometry><ms:name>Number of ocurrences:    0  ICES Stat. Rect. : 51F1</ms:name><ms:type>2</ms:type></ms:polygon></gml:featureMember>
<gml:featureMember><ms:polygon fid='15'><ms:msGeometry><gml:Polygon srsName='15'><gml:outerBoundaryIs><gml:LinearRing><gml:coordinates>-1,61 -2,61 -2,61.5 -1,61.5 -1,61</gml:coordinates></gml:LinearRing></gml:outerBoundaryIs></gml:Polygon></ms:msGeometry><ms:name>Number of ocurrences:    0  ICES Stat. Rect. : 51E8</ms:name><ms:type>2</ms:type></ms:polygon></gml:featureMember>
<gml:featureMember><ms:polygon fid='19'><ms:msGeometry><gml:Polygon srsName='19'><gml:outerBoundaryIs><gml:LinearRing><gml:coordinates>5,58 4,58 4,58.5 5,58.5 5,58</gml:coordinates></gml:LinearRing></gml:outerBoundaryIs></gml:Polygon></ms:msGeometry><ms:name>Number of ocurrences:    0  ICES Stat. Rect. : 45F4</ms:name><ms:type>2</ms:type></ms:polygon></gml:featureMember>
<gml:featureMember><ms:polygon fid='8'><ms:msGeometry><gml:Polygon srsName='8'><gml:outerBoundaryIs><gml:LinearRing><gml:coordinates>3,60 2,60 2,60.5 3,60.5 3,60</gml:coordinates></gml:LinearRing></gml:outerBoundaryIs></gml:Polygon></ms:msGeometry><ms:name>Number of ocurrences:    0  ICES Stat. Rect. : 49F2</ms:name><ms:type>2</ms:type></ms:polygon></gml:featureMember>
<gml:featureMember><ms:polygon fid='18'><ms:msGeometry><gml:Polygon srsName='18'><gml:outerBoundaryIs><gml:LinearRing><gml:coordinates>2,59 1,59 1,59.5 2,59.5 2,59</gml:coordinates></gml:LinearRing></gml:outerBoundaryIs></gml:Polygon></ms:msGeometry><ms:name>Number of ocurrences:    0  ICES Stat. Rect. : 47F1</ms:name><ms:type>1</ms:type></ms:polygon></gml:featureMember>
<gml:featureMember><ms:polygon fid='9'><ms:msGeometry><gml:Polygon srsName='9'><gml:outerBoundaryIs><gml:LinearRing><gml:coordinates>1,60 0,60 0,60.5 1,60.5 1,60</gml:coordinates></gml:LinearRing></gml:outerBoundaryIs></gml:Polygon></ms:msGeometry><ms:name>Number of ocurrences:    0  ICES Stat. Rect. : 49F0</ms:name><ms:type>1</ms:type></ms:polygon></gml:featureMember>
<gml:featureMember><ms:polygon fid='30'><ms:msGeometry><gml:Polygon srsName='30'><gml:outerBoundaryIs><gml:LinearRing><gml:coordinates>1,57.5 0,57.5 0,58 1,58 1,57.5</gml:coordinates></gml:LinearRing></gml:outerBoundaryIs></gml:Polygon></ms:msGeometry><ms:name>Number of ocurrences:    0  ICES Stat. Rect. : 44F0</ms:name><ms:type>1</ms:type></ms:polygon></gml:featureMember>
<gml:featureMember><ms:polygon fid='16'><ms:msGeometry><gml:Polygon srsName='16'><gml:outerBoundaryIs><gml:LinearRing><gml:coordinates>0,57 -1,57 -1,57.5 0,57.5 0,57</gml:coordinates></gml:LinearRing></gml:outerBoundaryIs></gml:Polygon></ms:msGeometry><ms:name>Number of ocurrences:    0  ICES Stat. Rect. : 43E9</ms:name><ms:type>1</ms:type></ms:polygon></gml:featureMember>
<gml:featureMember><ms:polygon fid='14'><ms:msGeometry><gml:Polygon srsName='14'><gml:outerBoundaryIs><gml:LinearRing><gml:coordinates>-1,58 -2,58 -2,58.5 -1,58.5 -1,58</gml:coordinates></gml:LinearRing></gml:outerBoundaryIs></gml:Polygon></ms:msGeometry><ms:name>Number of ocurrences:    0  ICES Stat. Rect. : 45E8</ms:name><ms:type>1</ms:type></ms:polygon></gml:featureMember>
<gml:featureMember><ms:polygon fid='22'><ms:msGeometry><gml:Polygon srsName='22'><gml:outerBoundaryIs><gml:LinearRing><gml:coordinates>1,59 0,59 0,59.5 1,59.5 1,59</gml:coordinates></gml:LinearRing></gml:outerBoundaryIs></gml:Polygon></ms:msGeometry><ms:name>Number of ocurrences:    0  ICES Stat. Rect. : 47F0</ms:name><ms:type>1</ms:type></ms:polygon></gml:featureMember>
<gml:featureMember><ms:polygon fid='28'><ms:msGeometry><gml:Polygon srsName='28'><gml:outerBoundaryIs><gml:LinearRing><gml:coordinates>2,60 1,60 1,60.5 2,60.5 2,60</gml:coordinates></gml:LinearRing></gml:outerBoundaryIs></gml:Polygon></ms:msGeometry><ms:name>Number of ocurrences:    0  ICES Stat. Rect. : 49F1</ms:name><ms:type>1</ms:type></ms:polygon></gml:featureMember>
<gml:featureMember><ms:polygon fid='20'><ms:msGeometry><gml:Polygon srsName='20'><gml:outerBoundaryIs><gml:LinearRing><gml:coordinates>0,59 -1,59 -1,59.5 0,59.5 0,59</gml:coordinates></gml:LinearRing></gml:outerBoundaryIs></gml:Polygon></ms:msGeometry><ms:name>Number of ocurrences:    0  ICES Stat. Rect. : 47E9</ms:name><ms:type>1</ms:type></ms:polygon></gml:featureMember>
<gml:featureMember><ms:polygon fid='26'><ms:msGeometry><gml:Polygon srsName='26'><gml:outerBoundaryIs><gml:LinearRing><gml:coordinates>4,58 3,58 3,58.5 4,58.5 4,58</gml:coordinates></gml:LinearRing></gml:outerBoundaryIs></gml:Polygon></ms:msGeometry><ms:name>Number of ocurrences:    0  ICES Stat. Rect. : 45F3</ms:name><ms:type>1</ms:type></ms:polygon></gml:featureMember>
<gml:featureMember><ms:polygon fid='24'><ms:msGeometry><gml:Polygon srsName='24'><gml:outerBoundaryIs><gml:LinearRing><gml:coordinates>6,57.5 5,57.5 5,58 6,58 6,57.5</gml:coordinates></gml:LinearRing></gml:outerBoundaryIs></gml:Polygon></ms:msGeometry><ms:name>Number of ocurrences:    0  ICES Stat. Rect. : 44F5</ms:name><ms:type>1</ms:type></ms:polygon></gml:featureMember>
<gml:featureMember><ms:polygon fid='11'><ms:msGeometry><gml:Polygon srsName='11'><gml:outerBoundaryIs><gml:LinearRing><gml:coordinates>2,57.5 1,57.5 1,58 2,58 2,57.5</gml:coordinates></gml:LinearRing></gml:outerBoundaryIs></gml:Polygon></ms:msGeometry><ms:name>Number of ocurrences:    0  ICES Stat. Rect. : 44F1</ms:name><ms:type>1</ms:type></ms:polygon></gml:featureMember>
<gml:featureMember><ms:polygon fid='3'><ms:msGeometry><gml:Polygon srsName='3'><gml:outerBoundaryIs><gml:LinearRing><gml:coordinates>0,61 -1,61 -1,61.5 0,61.5 0,61</gml:coordinates></gml:LinearRing></gml:outerBoundaryIs></gml:Polygon></ms:msGeometry><ms:name>Number of ocurrences:    0  ICES Stat. Rect. : 51E9</ms:name><ms:type>1</ms:type></ms:polygon></gml:featureMember>
<gml:featureMember><ms:polygon fid='31'><ms:msGeometry><gml:Polygon srsName='31'><gml:outerBoundaryIs><gml:LinearRing><gml:coordinates>2,57 1,57 1,57.5 2,57.5 2,57</gml:coordinates></gml:LinearRing></gml:outerBoundaryIs></gml:Polygon></ms:msGeometry><ms:name>Number of ocurrences:    0  ICES Stat. Rect. : 43F1</ms:name><ms:type>1</ms:type></ms:polygon></gml:featureMember>
<gml:featureMember><ms:polygon fid='7'><ms:msGeometry><gml:Polygon srsName='7'><gml:outerBoundaryIs><gml:LinearRing><gml:coordinates>0,57.5 -1,57.5 -1,58 0,58 0,57.5</gml:coordinates></gml:LinearRing></gml:outerBoundaryIs></gml:Polygon></ms:msGeometry><ms:name>Number of ocurrences:    0  ICES Stat. Rect. : 44E9</ms:name><ms:type>1</ms:type></ms:polygon></gml:featureMember>
<gml:featureMember><ms:polygon fid='27'><ms:msGeometry><gml:Polygon srsName='27'><gml:outerBoundaryIs><gml:LinearRing><gml:coordinates>4,59 3,59 3,59.5 4,59.5 4,59</gml:coordinates></gml:LinearRing></gml:outerBoundaryIs></gml:Polygon></ms:msGeometry><ms:name>Number of ocurrences:    0  ICES Stat. Rect. : 47F3</ms:name><ms:type>1</ms:type></ms:polygon></gml:featureMember>
<gml:featureMember><ms:polygon fid='4'><ms:msGeometry><gml:Polygon srsName='4'><gml:outerBoundaryIs><gml:LinearRing><gml:coordinates>4,60 3,60 3,60.5 4,60.5 4,60</gml:coordinates></gml:LinearRing></gml:outerBoundaryIs></gml:Polygon></ms:msGeometry><ms:name>Number of ocurrences:    0  ICES Stat. Rect. : 49F3</ms:name><ms:type>1</ms:type></ms:polygon></gml:featureMember>
<gml:featureMember><ms:polygon fid='21'><ms:msGeometry><gml:Polygon srsName='21'><gml:outerBoundaryIs><gml:LinearRing><gml:coordinates>1,58 0,58 0,58.5 1,58.5 1,58</gml:coordinates></gml:LinearRing></gml:outerBoundaryIs></gml:Polygon></ms:msGeometry><ms:name>Number of ocurrences:    0  ICES Stat. Rect. : 45F0</ms:name><ms:type>1</ms:type></ms:polygon></gml:featureMember>
<gml:featureMember><ms:polygon fid='1'><ms:msGeometry><gml:Polygon srsName='1'><gml:outerBoundaryIs><gml:LinearRing><gml:coordinates>3,61 2,61 2,61.5 3,61.5 3,61</gml:coordinates></gml:LinearRing></gml:outerBoundaryIs></gml:Polygon></ms:msGeometry><ms:name>Number of ocurrences:    0  ICES Stat. Rect. : 51F2</ms:name><ms:type>1</ms:type></ms:polygon></gml:featureMember>
<gml:featureMember><ms:polygon fid='23'><ms:msGeometry><gml:Polygon srsName='23'><gml:outerBoundaryIs><gml:LinearRing><gml:coordinates>0,58 -1,58 -1,58.5 0,58.5 0,58</gml:coordinates></gml:LinearRing></gml:outerBoundaryIs></gml:Polygon></ms:msGeometry><ms:name>Number of ocurrences:    0  ICES Stat. Rect. : 45E9</ms:name><ms:type>1</ms:type></ms:polygon></gml:featureMember>
<gml:featureMember><ms:polygon fid='12'><ms:msGeometry><gml:Polygon srsName='12'><gml:outerBoundaryIs><gml:LinearRing><gml:coordinates>3,59 2,59 2,59.5 3,59.5 3,59</gml:coordinates></gml:LinearRing></gml:outerBoundaryIs></gml:Polygon></ms:msGeometry><ms:name>Number of ocurrences:    0  ICES Stat. Rect. : 47F2</ms:name><ms:type>0</ms:type></ms:polygon></gml:featureMember>
<gml:featureMember><ms:polygon fid='17'><ms:msGeometry><gml:Polygon srsName='17'><gml:outerBoundaryIs><gml:LinearRing><gml:coordinates>2,58 1,58 1,58.5 2,58.5 2,58</gml:coordinates></gml:LinearRing></gml:outerBoundaryIs></gml:Polygon></ms:msGeometry><ms:name>Number of ocurrences:    0  ICES Stat. Rect. : 45F1</ms:name><ms:type>0</ms:type></ms:polygon></gml:featureMember>
</wfs:FeatureCollection>
